player_id,player,position,team,position_group
25554,Khadija Monifa Shaw,Center Forward,Manchester City WFC,Forward
15570,Chloe Kelly,Right Wing,Manchester City WFC,Forward
299860,Fuka Nagano,Center Defensive Midfield,Liverpool WFC,Midfielder
25632,Yui Hasegawa,Center Defensive Midfield,Manchester City WFC,Midfielder
22337,Maya Le Tissier,Right Center Back,Manchester United W,Defender
32403,Emma Wilhelmina Koivisto,Right Wing Back,Liverpool WFC,Defender
276301,Elisabeth Terland,Center Forward,Brighton & Hove Albion WFC,Forward
46974,Marie Therese Höbinger,Right Center Midfield,Liverpool WFC,Midfielder
15555,Lauren Hemp,Left Wing,Manchester City WFC,Forward
276304,Guro Bergsvand,Right Center Back,Brighton & Hove Albion WFC,Defender
92248,Khiara Keating,Goalkeeper,Manchester City WFC,Goalkeeper
5058,Rachel Daly,Center Forward,Aston Villa W,Forward
31538,Mary Alexandra Earps,Goalkeeper,Manchester United W,Goalkeeper
322359,Ceri Holland,Left Center Midfield,Liverpool WFC,Midfielder
31536,Millie Turner,Left Center Back,Manchester United W,Defender
10252,Alex Greenwood,Left Center Back,Manchester City WFC,Defender
63788,Victoria Pelova,Right Defensive Midfield,Arsenal WFC,Midfielder
15619,Bethany Mead,Right Wing,Arsenal WFC,Forward
32074,Jenna Clark,Right Center Back,Liverpool WFC,Defender
47521,Alessia Russo,Center Forward,Arsenal WFC,Forward
11338,Caitlin Jade Foord,Left Wing,Arsenal WFC,Forward
78072,Anna Patten,Right Center Back,Aston Villa W,Defender
221888,Kerstin Yasmijn Casparij,Right Back,Manchester City WFC,Defender
185545,Brooke Aspin,Right Center Back,Bristol City WFC,Defender
34232,Grace Fisk,Left Center Back,Liverpool WFC,Defender
15554,Gemma Bonner,Center Back,Liverpool WFC,Defender
21021,Molly Bartrip,Left Center Back,Tottenham Hotspur Women,Defender
15631,Niamh Charles,Left Back,Chelsea FCW,Defender
31555,Courtney Brosnan,Goalkeeper,Everton LFC,Goalkeeper
25785,Jayde Yuk Fun Riviere,Right Back,Manchester United W,Defender
15788,Amalie Grønbak Thestrup,Center Forward,Bristol City WFC,Forward
24706,Sophie Roman Haug,Left Center Forward,Liverpool WFC,Forward
5000,Stephanie-Elise Catley,Left Back,Arsenal WFC,Defender
19417,Amy Rodgers,Right Defensive Midfield,Bristol City WFC,Midfielder
10260,Lena Petermann,Center Forward,Leicester City WFC,Forward
42787,Mackenzie Arnold,Goalkeeper,West Ham United LFC,Goalkeeper
31563,Rachel Williams,Center Forward,Manchester United W,Forward
10163,Leila Ouahabi El Ouahabi,Left Back,Manchester City WFC,Defender
191850,Eveliina Summanen,Left Defensive Midfield,Tottenham Hotspur Women,Midfielder
5078,Alanna Stephanie Kennedy,Right Center Back,Manchester City WFC,Defender
10516,Frida Maanum,Center Attacking Midfield,Arsenal WFC,Midfielder
16376,Sophie Baggaley,Goalkeeper,Brighton & Hove Albion WFC,Goalkeeper
10237,Manuela Zinsberger,Goalkeeper,Arsenal WFC,Goalkeeper
25834,Viviane Asseyi,Left Wing,West Ham United LFC,Forward
31539,Leah Galton,Left Wing,Manchester United W,Forward
32169,Jamie-Lee Napier,Left Wing Back,Bristol City WFC,Defender
10229,Emma Stina Blackstenius,Center Forward,Arsenal WFC,Forward
31532,Kirsty Hanson,Left Wing,Aston Villa W,Forward
25662,Catherine Joan Bott,Right Back,Leicester City WFC,Defender
21059,Katie Robinson,Right Wing,Brighton & Hove Albion WFC,Forward
23413,Megan Connolly,Center Back,Bristol City WFC,Defender
19500,Sarah Emma Mayling,Right Back,Aston Villa W,Defender
42836,Ella Powell,Right Wing Back,Bristol City WFC,Defender
18254,Megan Finnigan,Center Back,Everton LFC,Defender
19687,Taylor Hinds,Left Wing Back,Liverpool WFC,Defender
401930,Riko Ueki,Center Forward,West Ham United LFC,Forward
49697,Carlotte Wubben-Moy,Left Center Back,Arsenal WFC,Defender
4636,Maria Thorisdottir,Left Center Back,Brighton & Hove Albion WFC,Defender
135753,Samantha Tierney,Right Center Midfield,Leicester City WFC,Midfielder
46459,Katja Snoeijs,Center Forward,Everton LFC,Forward
45737,Martina Piemonte,Center Forward,Everton LFC,Forward
10196,Kirsty Smith,Left Wing Back,West Ham United LFC,Defender
31540,Katie Zelem,Left Defensive Midfield,Manchester United W,Midfielder
31534,Ella Toone,Center Attacking Midfield,Manchester United W,Midfielder
19416,Laura Coombs,Left Center Midfield,Manchester City WFC,Midfielder
18158,Rebecca Leigh Spencer,Goalkeeper,Tottenham Hotspur Women,Goalkeeper
17275,Hannah Jayne Blundell,Left Back,Manchester United W,Defender
4660,Erin Cuthbert,Right Defensive Midfield,Chelsea FCW,Midfielder
35693,Mary Boio Fowler,Right Wing,Manchester City WFC,Forward
10405,Lia Wälti,Left Defensive Midfield,Arsenal WFC,Midfielder
229194,Olga Ahtinen,Right Defensive Midfield,Tottenham Hotspur Women,Midfielder
15720,Sophie Howard,Left Center Back,Leicester City WFC,Defender
26094,Julia Zigiotti-Olme,Left Defensive Midfield,Brighton & Hove Albion WFC,Midfielder
8297,Adriana Kristina Leon,Right Wing,Aston Villa W,Forward
25513,Lucía García Córdoba,Right Wing,Manchester United W,Forward
4865,Josie Green,Right Center Back,Leicester City WFC,Defender
15571,Danielle Turner,Left Center Back,Aston Villa W,Defender
185543,Ffion Morgan,Right Wing,Bristol City WFC,Forward
33664,Rachael Laws,Goalkeeper,Liverpool WFC,Goalkeeper
17274,Poppy Pattinson,Left Back,Brighton & Hove Albion WFC,Defender
31157,Hawa Cissoko,Right Center Back,West Ham United LFC,Defender
15724,Mayumi Pacheco,Left Back,Aston Villa W,Defender
30856,Julie Thibaud,Left Center Back,Leicester City WFC,Defender
31533,Amy Turner,Right Center Back,Tottenham Hotspur Women,Defender
26092,Amanda Ilestedt,Right Center Back,Arsenal WFC,Defender
85004,Maisie Symonds,Right Defensive Midfield,Brighton & Hove Albion WFC,Midfielder
131653,Honoka Hayashi,Left Defensive Midfield,West Ham United LFC,Midfielder
63308,Justine Vanhaevermaet,Right Center Back,Everton LFC,Defender
46988,Janina Leitzig,Goalkeeper,Leicester City WFC,Goalkeeper
32339,Daphne van Domselaar,Goalkeeper,Aston Villa W,Goalkeeper
10158,María Victoria Losada Gómez,Right Defensive Midfield,Brighton & Hove Albion WFC,Midfielder
15620,Katie McCabe,Left Back,Arsenal WFC,Defender
16382,Heather Payne,Right Wing Back,Everton LFC,Defender
32210,Laia Aleixandri López,Right Center Back,Manchester City WFC,Defender
24237,Missy Bo Kearns,Right Center Midfield,Liverpool WFC,Midfielder
276907,Amber Tysiak,Center Back,West Ham United LFC,Defender
62666,Ingrid Filippa Angeldal,Right Center Midfield,Manchester City WFC,Midfielder
386105,Lisa Fjeldstad Naalsund,Right Defensive Midfield,Manchester United W,Midfielder
388473,Jorelyn Andrea Daniela Carabalí Martínez,Left Center Back,Brighton & Hove Albion WFC,Defender
25624,Risa Shimizu,Right Center Back,West Ham United LFC,Defender
31558,Martha Thomas,Center Forward,Tottenham Hotspur Women,Forward
10418,Eve Perisset,Right Back,Chelsea FCW,Defender
62906,Cloé Zoé Eyja Lacasse,Right Wing,Arsenal WFC,Forward
87194,Celin Bizet Ildhusøy,Right Wing,Tottenham Hotspur Women,Forward
105102,Veatriki Sarri,Left Wing,Brighton & Hove Albion WFC,Forward
19422,Jessica Carter,Left Center Back,Chelsea FCW,Defender
4654,Nikita Parris,Center Forward,Manchester United W,Forward
20725,Pauline Bremer,Left Wing,Brighton & Hove Albion WFC,Forward
107491,Emily Ann Fox,Right Back,Arsenal WFC,Defender
15616,Kim Little,Center Attacking Midfield,Arsenal WFC,Midfielder
25604,Saori Takarada,Center Defensive Midfield,Leicester City WFC,Midfielder
345061,Mari Ward,Left Wing,Bristol City WFC,Forward
19498,Jessica Park,Right Center Midfield,Manchester City WFC,Midfielder
46972,Luana Bühler,Right Center Back,Tottenham Hotspur Women,Defender
10650,Jill Roord,Left Center Midfield,Manchester City WFC,Midfielder
4848,Ashleigh Neville,Left Back,Tottenham Hotspur Women,Defender
46741,Naomi Layzell,Left Center Back,Bristol City WFC,Defender
46740,Grace Clinton,Center Attacking Midfield,Tottenham Hotspur Women,Midfielder
15549,Sophie Louise Ingle,Left Defensive Midfield,Chelsea FCW,Midfielder
10100,Janice Cayman,Left Back,Leicester City WFC,Defender
15290,Ashley Elizabeth Marie Lawrence,Right Back,Chelsea FCW,Defender
4641,Francesca Kirby,Center Attacking Midfield,Chelsea FCW,Midfielder
21023,Amanda Nildén,Left Back,Tottenham Hotspur Women,Defender
22032,Hannah Hampton,Goalkeeper,Chelsea FCW,Goalkeeper
25543,Geyse da Silva Ferreira,Right Wing,Manchester United W,Forward
15577,Angharad James,Right Back,Tottenham Hotspur Women,Defender
15716,Emily Syme,Right Defensive Midfield,Bristol City WFC,Midfielder
16381,Gemma Evans,Left Back,Manchester United W,Defender
15421,Kenza Dali,Left Center Midfield,Aston Villa W,Midfielder
62710,Johanna Rytting-Kaneryd,Right Wing,Chelsea FCW,Forward
50193,Anouk Denton,Right Wing Back,West Ham United LFC,Defender
132033,Courtney Jade Nevin,Left Back,Leicester City WFC,Defender
338059,Clare Wheeler,Left Wing Back,Everton LFC,Defender
16386,Lucy Hope,Right Wing Back,Everton LFC,Defender
370018,Shannon Cooke,Left Center Back,West Ham United LFC,Defender
18999,Leah Williamson,Right Center Back,Arsenal WFC,Defender
322322,Jessica Ziu,Right Wing,West Ham United LFC,Forward
31551,Kit Graham,Center Attacking Midfield,Tottenham Hotspur Women,Midfielder
329372,Mia Enderby,Right Center Forward,Liverpool WFC,Forward
26093,Gun Nathalie Björn,Left Center Back,Chelsea FCW,Defender
26520,Yuka Momiki,Left Center Midfield,Leicester City WFC,Midfielder
15706,Rachel Furness,Left Defensive Midfield,Bristol City WFC,Midfielder
10192,Jordan Nobbs,Right Defensive Midfield,Aston Villa W,Midfielder
224822,Jutta Rantala,Right Midfield,Leicester City WFC,Midfielder
131575,Mengwen Li,Right Back,Brighton & Hove Albion WFC,Defender
131586,Kyra Lillee Cooney-Cross,Right Defensive Midfield,Arsenal WFC,Midfielder
10648,Shanice van de Sanden,Right Center Forward,Liverpool WFC,Forward
10225,Aurora Galli,Left Defensive Midfield,Everton LFC,Midfielder
4642,Millie Bright,Right Center Back,Chelsea FCW,Defender
61467,Jessica Naz,Center Forward,Tottenham Hotspur Women,Forward
84765,Carrie Jones,Right Defensive Midfield,Bristol City WFC,Midfielder
361311,Mia Renee Fishel,Center Forward,Chelsea FCW,Forward
25453,Geum-Min Lee,Center Attacking Midfield,Brighton & Hove Albion WFC,Midfielder
224866,Anna Marika Bergman Lundin,Left Defensive Midfield,West Ham United LFC,Midfielder
63784,Lize Kop,Goalkeeper,Leicester City WFC,Goalkeeper
15648,Melanie Leupolz,Left Defensive Midfield,Chelsea FCW,Midfielder
31527,Ebony Salmon,Right Wing,Aston Villa W,Forward
4984,Rachel Corsie,Left Center Back,Aston Villa W,Defender
33675,Laura Madison Blindkilde Brown,Left Center Midfield,Aston Villa W,Midfielder
10088,Katrine Veje,Left Center Back,Everton LFC,Defender
224149,Elise Isolde Stenevik,Left Center Back,Everton LFC,Defender
32229,Sara Holmgaard,Left Wing Back,Everton LFC,Defender
15562,Lucy Staniforth,Left Defensive Midfield,Aston Villa W,Midfielder
34499,Hanna Ulrika Bennison,Left Center Midfield,Everton LFC,Midfielder
46541,Asmita Ale,Right Back,Leicester City WFC,Defender
10514,Guro Reiten,Left Wing,Chelsea FCW,Forward
19501,Hayley Ladd,Right Defensive Midfield,Manchester United W,Midfielder
10404,Noelle Maritz,Right Back,Aston Villa W,Defender
47008,Sjoeke Nüsken,Center Attacking Midfield,Chelsea FCW,Midfielder
10179,Lisa Evans,Right Wing,West Ham United LFC,Forward
18146,Leanne Kiernan,Right Center Forward,Liverpool WFC,Forward
23412,Abigail Harrison,Center Forward,Bristol City WFC,Forward
4649,Esme Beth Morgan,Right Back,Manchester City WFC,Defender
395055,Princess Ademiluyi,Center Forward,West Ham United LFC,Forward
46635,Emma Harries,Right Wing,West Ham United LFC,Forward
25601,Deanne Cynthia Rose,Right Wing,Leicester City WFC,Forward
131588,Teagan Jade Micah,Goalkeeper,Liverpool WFC,Goalkeeper
15547,Melissa Lawley,Right Center Forward,Liverpool WFC,Forward
81580,Agnes Beever-Jones,Left Wing,Chelsea FCW,Forward
62713,Zecira Musovic,Goalkeeper,Chelsea FCW,Goalkeeper
135947,Lucy Parker,Right Defensive Midfield,Aston Villa W,Midfielder
10167,Tatiana Vanessa Ferreira Pinto,Center Attacking Midfield,Brighton & Hove Albion WFC,Midfielder
34500,Emma Nanny Charlotte Kullberg,Left Back,Brighton & Hove Albion WFC,Defender
326619,Olivia Clarke,Goalkeeper,Bristol City WFC,Goalkeeper
5074,Shelina Laura Zadorsky,Left Center Back,West Ham United LFC,Defender
16374,Aileen Whelan,Center Forward,Leicester City WFC,Forward
15618,Jasmine Matthews,Left Wing Back,Liverpool WFC,Defender
112522,Missy Goodwin,Left Midfield,Leicester City WFC,Midfielder
4638,Drew Spence,Center Attacking Midfield,Tottenham Hotspur Women,Midfielder
131589,Anna Jessica Leat,Goalkeeper,Aston Villa W,Goalkeeper
33067,Shae Yanez,Goalkeeper,Bristol City WFC,Goalkeeper
31614,Melvine Malard,Center Forward,Manchester United W,Forward
405180,Charlize Jayde Rule,Right Wing Back,Brighton & Hove Albion WFC,Defender
46738,Emma Bissell,Left Wing Back,Everton LFC,Defender
19499,Shania Hayles,Center Forward,Bristol City WFC,Forward
15357,Kadeisha Buchanan,Right Center Back,Chelsea FCW,Defender
225576,Miriael Taylor,Left Defensive Midfield,Aston Villa W,Midfielder
15623,Vivianne Miedema,Center Attacking Midfield,Arsenal WFC,Midfielder
15559,Simone Magill,Left Wing,Aston Villa W,Forward
15573,Abbey-Leigh Stringer,Left Defensive Midfield,West Ham United LFC,Midfielder
55069,Lucy Parry,Right Wing Back,Liverpool WFC,Defender
19777,Niamh Fahey,Center Back,Liverpool WFC,Defender
23320,Melisa Filis,Left Defensive Midfield,West Ham United LFC,Midfielder
4961,Samantha May Kerr,Center Forward,Chelsea FCW,Forward
24400,Barbara Votíková,Goalkeeper,Tottenham Hotspur Women,Goalkeeper
410042,Karoline Olesen,Right Center Midfield,Everton LFC,Midfielder
21048,Rosella Ayane,Right Wing,Tottenham Hotspur Women,Forward
18153,Alisha Lehmann,Right Wing,Aston Villa W,Forward
19503,Aoife Mannion,Right Back,Manchester United W,Defender
32222,Sofie Lundgaard,Left Center Midfield,Liverpool WFC,Midfielder
405188,Madison Haley,Center Forward,Brighton & Hove Albion WFC,Forward
32230,Karen Holmgaard,Right Center Back,Everton LFC,Defender
185544,Jasmine Bull,Right Wing Back,Bristol City WFC,Defender
31531,Lauren James,Right Wing,Chelsea FCW,Forward
224167,Matilda Liv Vinberg,Right Wing,Tottenham Hotspur Women,Forward
241634,Remy Siemsen,Center Forward,Leicester City WFC,Forward
64240,Francesca Bentley,Goalkeeper,Bristol City WFC,Goalkeeper
15560,Ann-Katrin Berger,Goalkeeper,Chelsea FCW,Goalkeeper
32227,Emma Snerle,Right Wing,West Ham United LFC,Forward
84901,Catarina Cantanhede Melônio Macário,Left Center Forward,Chelsea FCW,Forward
132034,Charlotte Layne Grant,Right Back,Tottenham Hotspur Women,Defender
401932,Hinata Miyazawa,Right Center Midfield,Manchester United W,Midfielder
337710,Cecilie Maag Struck,Left Center Back,Bristol City WFC,Defender
62709,Jelena Canković,Right Defensive Midfield,Chelsea FCW,Midfielder
135759,Shannon O’Brien,Left Wing,Leicester City WFC,Forward
326618,Chloe Mustaki,Left Center Back,Bristol City WFC,Defender
23465,Megan Campbell,Left Center Back,Everton LFC,Defender
10183,Toni Duggan,Right Center Forward,Everton LFC,Forward
389365,Maika Hamano,Right Wing,Chelsea FCW,Forward
225180,Emilia Pelgander,Center Defensive Midfield,Leicester City WFC,Midfielder
10274,Nicoline Sørensen,Right Center Forward,Everton LFC,Forward
10395,Maren Nævdal Mjelde,Right Center Back,Chelsea FCW,Defender
32694,Laia Codina Panedas,Left Center Back,Arsenal WFC,Defender
87191,Rikke Marie Madsen,Left Wing,Everton LFC,Forward
10093,Yana Daniëls,Left Wing Back,Liverpool WFC,Defender
135758,Natasha Jane Flint,Right Center Forward,Liverpool WFC,Forward
15629,Satara Murray,Right Center Back,Bristol City WFC,Defender
15550,Bethany England,Right Center Forward,Tottenham Hotspur Women,Forward
36801,Aimee Palmer,Center Defensive Midfield,Leicester City WFC,Midfielder
40985,Kaylan Marckese,Goalkeeper,Bristol City WFC,Goalkeeper
182500,Ava Baker,Left Wing,Leicester City WFC,Forward
53188,Mayra Tatiana Ramírez Ramírez,Center Forward,Chelsea FCW,Forward
5102,Sabrina D’Angelo,Goalkeeper,Arsenal WFC,Goalkeeper
46973,Laura Wienroither,Right Back,Arsenal WFC,Defender
18253,Hannah Cain,Right Wing,Leicester City WFC,Forward
49938,Deyna Cristina Castellanos Naujenis,Right Center Midfield,Manchester City WFC,Midfielder
4979,Katrina Gorry,Left Defensive Midfield,West Ham United LFC,Midfielder
424095,Eleanor Dale,Left Wing Back,Everton LFC,Defender
337744,Isibeal Atkinson,Left Wing,West Ham United LFC,Forward
337745,Georgia Mullett,Center Forward,Aston Villa W,Forward
276443,Kathrine Møller Kühl,Left Center Midfield,Everton LFC,Midfielder
224845,Sarah Anne Stratigakis,Left Defensive Midfield,Bristol City WFC,Midfielder
191851,Julie Blakstad,Left Back,Manchester City WFC,Defender
10185,Stephanie Houghton,Right Center Back,Manchester City WFC,Defender
18145,Ria Percival,Right Defensive Midfield,Tottenham Hotspur Women,Midfielder
50150,Irene Guerrero Sanmartín,Center Attacking Midfield,Manchester United W,Midfielder
46533,Ramona Petzelberger,Right Back,Tottenham Hotspur Women,Defender
41812,Ruby Mace,Center Defensive Midfield,Manchester City WFC,Midfielder
17524,Jennifer Patricia Beattie,Center Back,Arsenal WFC,Defender
15575,Gabrielle George,Left Back,Manchester United W,Defender
31936,Kristie Mewis,Center Attacking Midfield,West Ham United LFC,Midfielder
25612,Jessie Alexandra Fleming,Center Attacking Midfield,Chelsea FCW,Midfielder
15709,Megan Walsh,Goalkeeper,West Ham United LFC,Goalkeeper
4651,Demi Stokes,Left Back,Manchester City WFC,Defender
402025,Linyan Zhang,Center Forward,Tottenham Hotspur Women,Forward
422963,Lily Dent,Left Wing,Brighton & Hove Albion WFC,Forward
365118,Fearne Slocombe,Right Wing Back,Bristol City WFC,Defender
25697,Lina Mona Andréa Hurtig,Left Wing,Arsenal WFC,Forward
322143,Sophia Poor,Goalkeeper,Aston Villa W,Goalkeeper
225020,Melina Loeck,Goalkeeper,Brighton & Hove Albion WFC,Goalkeeper
24461,Shuang Wang,Left Midfield,Tottenham Hotspur Women,Midfielder
77717,Olivia McLoughlin,Left Center Midfield,Aston Villa W,Midfielder
46641,Emily Ramsey,Goalkeeper,Everton LFC,Goalkeeper
423420,Isabella Hobson,Center Forward,Everton LFC,Forward
410041,Alyssa Mae Aherne,Center Forward,Everton LFC,Forward
16393,Ellie Brazil,Right Wing,Tottenham Hotspur Women,Forward
33010,Freya Gregory,Left Back,Aston Villa W,Defender
46742,Benedicte Håland,Goalkeeper,Bristol City WFC,Goalkeeper
62951,Aniek Nouwen,Right Center Back,Chelsea FCW,Defender
16389,Jessica Woolley,Right Center Forward,Bristol City WFC,Forward
87188,Dejana Stefanović,Right Wing,Brighton & Hove Albion WFC,Forward
276896,Nicky Evrard,Goalkeeper,Brighton & Hove Albion WFC,Goalkeeper
338201,Michelle Agyemang,Left Midfield,Arsenal WFC,Midfielder
326622,Tianna Teisar,Center Forward,Bristol City WFC,Forward
322325,Keira Flannery,Right Center Midfield,West Ham United LFC,Midfielder
338202,Katie Reid,Right Center Back,Arsenal WFC,Defender
353151,Annie Wilding,Right Center Back,Everton LFC,Defender
423419,Macy Settle,Right Wing,Everton LFC,Forward
422964,Grace Lucy McEwan,Left Center Back,Brighton & Hove Albion WFC,Defender
410047,Jessica Simpson,Right Center Back,Bristol City WFC,Defender
429638,Mia Leath,Left Center Midfield,Liverpool WFC,Midfielder
425870,Olivia Johnson,Right Wing,Brighton & Hove Albion WFC,Forward
432915,Zara Shaw,Center Defensive Midfield,Liverpool WFC,Midfielder
410668,Denny Draper,Right Wing,Leicester City WFC,Forward
412877,Jessica Stapleton,Left Center Back,West Ham United LFC,Defender
417523,Maya Kendall,Left Wing,Bristol City WFC,Forward
